StudentID,gender,height,religion,major,salary
200803,Female,162,Other,Economics and Finance,45254
354271,Male,185,Orthodox,Environmental Sciences,40553
317812,Female,158,Catholic,Environmental Sciences,27007
350040,Female,156,Other,Political Science,33969
763393,Male,182,Protestant,Economics and Finance,50618
411253,Male,185,Orthodox,Political Science,37392
835757,Female,172,Protestant,Mathematics and Statistics,35599
902697,Male,160,Catholic,Environmental Sciences,39704
267025,Male,171,Catholic,Political Science,30087
373120,Female,167,Catholic,Political Science,31494
201130,Female,157,Catholic,Environmental Sciences,32519
358005,Male,182,Other,Economics and Finance,42593
680483,Male,169,Other,Economics and Finance,60407
841076,Female,167,Other,Biology,49111
980136,Male,180,Orthodox,Environmental Sciences,33069
253731,Female,159,Other,Environmental Sciences,37804
514389,Female,166,Muslim,Environmental Sciences,35192
168184,Male,177,Muslim,Mathematics and Statistics,39343
173174,Female,173,Other,Social Sciences,28128
336025,Male,177,Other,Mathematics and Statistics,36204
657755,Male,190,Catholic,Economics and Finance,35881
856894,Female,164,Other,Political Science,39451
730300,Male,192,Other,Political Science,20511
303723,Male,187,Catholic,Mathematics and Statistics,58081
159105,Male,172,Catholic,Environmental Sciences,34191
131435,Male,172,Other,Political Science,44028
420250,Male,178,Protestant,Economics and Finance,51564
734612,Male,179,Catholic,Biology,51223
931933,Male,164,Catholic,Biology,49476
911287,Female,160,Catholic,Political Science,37810
587981,Male,189,Other,Mathematics and Statistics,56996
763933,Male,180,Other,Biology,46243
807518,Male,171,Muslim,Political Science,42065
548177,Male,172,Catholic,Mathematics and Statistics,41619
604302,Male,187,Other,Environmental Sciences,39038
564694,Female,163,Muslim,Social Sciences,23717
356008,Male,190,Catholic,Environmental Sciences,43333
595769,Female,164,Protestant,Biology,39588
777815,Male,168,Other,Biology,64486
390559,Female,167,Other,Biology,45504
612668,Female,143,Other,Political Science,30612
728141,Female,152,Protestant,Biology,39369
168476,Male,174,Catholic,Economics and Finance,43380
601421,Male,197,Catholic,Environmental Sciences,40461
752528,Male,179,Other,Environmental Sciences,42063
192380,Male,173,Other,Mathematics and Statistics,41373
832270,Male,183,Catholic,Mathematics and Statistics,65013
770459,Male,184,Other,Environmental Sciences,37669
194438,Male,183,Protestant,Social Sciences,35882
597357,Female,165,Other,Biology,35816
892039,Male,188,Other,Environmental Sciences,38305
834001,Female,144,Other,Political Science,33727
661280,Female,181,Catholic,Environmental Sciences,39403
694180,Male,186,Protestant,Mathematics and Statistics,64525
396355,Male,157,Other,Biology,37626
318277,Female,154,Orthodox,Environmental Sciences,31983
701439,Male,163,Other,Environmental Sciences,37065
696684,Male,176,Protestant,Economics and Finance,71468
530824,Male,170,Protestant,Mathematics and Statistics,58671
290462,Male,187,Catholic,Environmental Sciences,37692
932496,Female,157,Other,Social Sciences,37036
538530,Male,180,Catholic,Social Sciences,39758
195524,Male,186,Other,Environmental Sciences,43101
308805,Male,182,Catholic,Mathematics and Statistics,59001
311317,Male,177,Protestant,Social Sciences,21722
334855,Male,183,Protestant,Biology,56717
788765,Male,181,Catholic,Economics and Finance,51518
944446,Male,186,Other,Economics and Finance,55664
566236,Female,173,Catholic,Biology,43724
879277,Male,174,Muslim,Economics and Finance,39862
561670,Female,162,Orthodox,Environmental Sciences,24297
327389,Female,166,Protestant,Mathematics and Statistics,40563
948224,Male,166,Protestant,Political Science,32704
206514,Male,186,Protestant,Biology,49373
755701,Male,182,Catholic,Biology,49485
189369,Male,180,Other,Social Sciences,33109
907903,Male,186,Catholic,Political Science,30375
157233,Male,180,Catholic,Mathematics and Statistics,45926
741781,Male,180,Catholic,Economics and Finance,49091
755108,Male,188,Other,Mathematics and Statistics,48450
155776,Male,186,Other,Mathematics and Statistics,53179
591314,Male,182,Catholic,Environmental Sciences,35065
632912,Male,188,Orthodox,Political Science,48191
409582,Female,179,Other,Biology,50790
413617,Male,188,Protestant,Biology,57165
229836,Male,172,Catholic,Political Science,39240
412195,Male,190,Catholic,Mathematics and Statistics,50764
357559,Female,165,Catholic,Social Sciences,31750
195489,Male,183,Orthodox,Political Science,48126
869543,Female,155,Muslim,Environmental Sciences,33365
729441,Female,167,Orthodox,Political Science,33208
211258,Male,174,Other,Environmental Sciences,39448
473908,Male,182,Catholic,Political Science,43008
424253,Male,193,Muslim,Economics and Finance,48785
387414,Female,174,Protestant,Biology,40905
419462,Female,168,Other,Economics and Finance,44702
643124,Male,175,Other,Environmental Sciences,43050
721649,Male,178,Catholic,Political Science,50757
777522,Male,171,Catholic,Environmental Sciences,40008
539383,Female,169,Other,Economics and Finance,53800
346731,Male,192,Catholic,Environmental Sciences,49069
913374,Male,169,Catholic,Mathematics and Statistics,38423
492848,Female,193,Other,Economics and Finance,43142
631698,Female,154,Catholic,Social Sciences,31485
442831,Male,178,Catholic,Environmental Sciences,40574
916103,Male,174,Protestant,Biology,62307
816730,Male,166,Orthodox,Environmental Sciences,38747
944417,Female,153,Catholic,Environmental Sciences,26731
524371,Female,159,Orthodox,Social Sciences,25659
480022,Female,164,Catholic,Mathematics and Statistics,40958
393220,Male,188,Other,Environmental Sciences,42894
328337,Female,174,Protestant,Economics and Finance,41316
358961,Female,161,Catholic,Mathematics and Statistics,48508
475771,Male,162,Other,Economics and Finance,52582
348075,Female,179,Other,Environmental Sciences,37214
335524,Female,167,Other,Mathematics and Statistics,40171
670946,Female,139,Other,Social Sciences,31326
314446,Male,197,Other,Social Sciences,37813
621166,Female,165,Catholic,Environmental Sciences,34812
950531,Male,179,Catholic,Mathematics and Statistics,49780
786879,Male,174,Catholic,Environmental Sciences,39145
718210,Male,173,Protestant,Mathematics and Statistics,53462
500133,Female,172,Other,Social Sciences,33150
640908,Male,175,Muslim,Mathematics and Statistics,44600
648227,Male,187,Catholic,Social Sciences,41601
726448,Female,168,Other,Biology,41013
362536,Female,168,Other,Political Science,41239
445117,Male,168,Catholic,Biology,45295
141973,Male,173,Protestant,Environmental Sciences,35631
671620,Female,170,Muslim,Social Sciences,30281
552687,Female,158,Catholic,Political Science,48667
659741,Male,178,Other,Environmental Sciences,47723
671968,Male,182,Other,Mathematics and Statistics,55058
304227,Male,182,Other,Environmental Sciences,38932
765405,Male,174,Protestant,Social Sciences,33058
486243,Male,181,Catholic,Economics and Finance,36841
711793,Female,177,Protestant,Political Science,29195
410319,Male,189,Protestant,Economics and Finance,48736
980941,Female,154,Other,Political Science,33911
605051,Female,168,Other,Biology,47211
213944,Female,157,Orthodox,Social Sciences,25164
199303,Male,182,Protestant,Economics and Finance,53297
652632,Male,179,Other,Biology,45584
240928,Female,169,Other,Economics and Finance,47172
462072,Male,172,Protestant,Economics and Finance,47556
342507,Male,182,Other,Mathematics and Statistics,40847
572435,Male,172,Protestant,Mathematics and Statistics,44409
288632,Male,181,Other,Mathematics and Statistics,44729
384106,Female,167,Catholic,Biology,40593
645562,Female,149,Protestant,Political Science,28929
519478,Male,168,Catholic,Environmental Sciences,34979
360136,Male,184,Catholic,Economics and Finance,43434
205083,Male,178,Other,Environmental Sciences,42310
474060,Male,190,Catholic,Mathematics and Statistics,49115
124588,Female,155,Protestant,Economics and Finance,44827
958720,Female,167,Orthodox,Political Science,37239
155294,Female,168,Protestant,Biology,42463
271875,Male,172,Protestant,Environmental Sciences,38926
767035,Male,169,Protestant,Mathematics and Statistics,56558
648608,Female,165,Protestant,Environmental Sciences,29892
866896,Male,178,Catholic,Environmental Sciences,44423
162969,Female,160,Other,Biology,39338
343541,Female,169,Catholic,Economics and Finance,40474
719351,Male,183,Orthodox,Social Sciences,30591
283972,Male,184,Protestant,Economics and Finance,44698
460292,Female,167,Protestant,Biology,41367
146405,Male,175,Other,Environmental Sciences,32681
371565,Male,169,Other,Biology,55994
112630,Female,165,Other,Political Science,35939
443431,Female,170,Muslim,Biology,34871
318946,Female,165,Other,Social Sciences,34136
659582,Male,186,Other,Biology,52434
661366,Male,174,Catholic,Political Science,36280
157197,Female,168,Catholic,Economics and Finance,41672
693691,Male,171,Catholic,Mathematics and Statistics,51752
557698,Male,184,Orthodox,Social Sciences,34237
957099,Male,189,Other,Mathematics and Statistics,43324
553419,Male,163,Catholic,Social Sciences,33837
337026,Male,177,Other,Biology,65636
654954,Male,176,Other,Mathematics and Statistics,37009
354608,Male,174,Protestant,Political Science,48336
330670,Female,153,Orthodox,Political Science,37530
393717,Male,183,Other,Political Science,18571
929384,Male,180,Catholic,Biology,40869
509437,Male,182,Other,Mathematics and Statistics,55274
431761,Male,178,Other,Mathematics and Statistics,49833
493344,Female,149,Other,Political Science,27244
975648,Male,187,Orthodox,Environmental Sciences,29668
249052,Female,161,Other,Political Science,45712
851749,Female,158,Catholic,Biology,52259
207217,Male,185,Other,Environmental Sciences,38000
888237,Male,192,Other,Social Sciences,34460
591642,Male,168,Protestant,Mathematics and Statistics,46214
173432,Male,180,Other,Economics and Finance,49768
641601,Male,203,Catholic,Environmental Sciences,33908
518182,Male,175,Protestant,Environmental Sciences,37967
429965,Male,188,Catholic,Mathematics and Statistics,42631
563189,Male,175,Catholic,Political Science,30677
921385,Male,171,Catholic,Political Science,33369
409254,Male,175,Other,Environmental Sciences,46162
410536,Female,160,Other,Social Sciences,30063
382280,Male,178,Protestant,Biology,45269
767582,Male,160,Catholic,Economics and Finance,56309
314035,Female,162,Catholic,Biology,25998
894899,Male,182,Catholic,Mathematics and Statistics,47107
517410,Male,167,Catholic,Biology,60492
300697,Male,180,Catholic,Economics and Finance,44918
371501,Male,173,Other,Biology,57929
358344,Female,162,Other,Biology,42364
489114,Male,181,Catholic,Social Sciences,50705
422898,Female,163,Protestant,Environmental Sciences,31764
686274,Male,179,Protestant,Environmental Sciences,32395
497787,Male,168,Orthodox,Economics and Finance,60676
919906,Female,166,Catholic,Political Science,37783
324890,Female,170,Catholic,Biology,46884
679734,Male,173,Catholic,Environmental Sciences,43442
352462,Female,160,Catholic,Environmental Sciences,38403
939002,Female,168,Protestant,Political Science,25883
928126,Male,161,Catholic,Economics and Finance,54631
640526,Female,171,Catholic,Political Science,28823
944068,Male,172,Catholic,Economics and Finance,43817
511097,Female,154,Protestant,Economics and Finance,46131
122418,Male,181,Catholic,Environmental Sciences,41387
656753,Male,164,Other,Environmental Sciences,41309
449566,Female,163,Protestant,Mathematics and Statistics,45901
570121,Female,148,Other,Environmental Sciences,31764
367500,Female,145,Catholic,Political Science,23649
685605,Male,190,Other,Environmental Sciences,39240
168722,Male,175,Protestant,Environmental Sciences,36845
112656,Female,164,Catholic,Environmental Sciences,37144
617808,Female,165,Catholic,Environmental Sciences,31363
442604,Female,172,Other,Political Science,29040
970790,Female,154,Other,Biology,31825
810116,Male,174,Other,Social Sciences,31807
128529,Male,183,Other,Economics and Finance,62091
810071,Male,183,Catholic,Environmental Sciences,39160
143602,Female,157,Other,Economics and Finance,42296
741786,Female,171,Other,Social Sciences,28016
350522,Male,176,Catholic,Biology,43496
896546,Male,191,Protestant,Mathematics and Statistics,58612
592878,Male,176,Other,Social Sciences,39844
296420,Female,168,Other,Social Sciences,26452
230328,Male,170,Orthodox,Biology,56721
224270,Male,176,Orthodox,Political Science,23091
200854,Female,167,Protestant,Environmental Sciences,30741
279735,Male,185,Other,Economics and Finance,62052
812628,Male,178,Other,Mathematics and Statistics,57318
278966,Male,175,Catholic,Economics and Finance,60577
929790,Female,145,Muslim,Political Science,22710
329063,Male,200,Protestant,Mathematics and Statistics,50403
897990,Male,174,Protestant,Economics and Finance,53527
943870,Male,180,Catholic,Environmental Sciences,47902
986906,Female,148,Protestant,Environmental Sciences,35909
932889,Male,184,Protestant,Mathematics and Statistics,46008
454208,Male,182,Protestant,Biology,65441
805868,Female,161,Orthodox,Environmental Sciences,35407
215559,Male,181,Protestant,Environmental Sciences,41394
824507,Male,180,Protestant,Social Sciences,36227
496263,Male,186,Catholic,Mathematics and Statistics,46116
288990,Male,174,Orthodox,Mathematics and Statistics,56641
403855,Female,156,Other,Environmental Sciences,27506
797792,Male,186,Catholic,Environmental Sciences,42389
930584,Female,161,Catholic,Biology,43315
589397,Female,165,Protestant,Mathematics and Statistics,40961
900121,Male,178,Other,Mathematics and Statistics,60676
963635,Female,167,Protestant,Biology,41388
356309,Male,174,Catholic,Economics and Finance,71537
978287,Male,178,Other,Biology,65108
778740,Male,176,Catholic,Environmental Sciences,41611
571639,Male,189,Catholic,Economics and Finance,53320
828818,Female,153,Protestant,Environmental Sciences,24383
162522,Male,175,Other,Environmental Sciences,42826
811189,Male,174,Other,Economics and Finance,47490
976857,Male,186,Other,Mathematics and Statistics,44368
457405,Male,184,Catholic,Environmental Sciences,34293
513477,Female,157,Protestant,Biology,40779
558477,Female,154,Catholic,Biology,40093
304871,Male,185,Protestant,Biology,50496
912927,Male,181,Catholic,Economics and Finance,47842
385346,Female,164,Catholic,Political Science,40606
812008,Female,160,Catholic,Biology,40189
857491,Female,159,Muslim,Political Science,40033
809408,Male,190,Catholic,Environmental Sciences,45224
988524,Male,178,Protestant,Environmental Sciences,50911
674333,Female,169,Protestant,Social Sciences,24105
865842,Male,178,Other,Mathematics and Statistics,47001
477711,Female,169,Other,Biology,40481
236613,Male,173,Other,Mathematics and Statistics,52857
557212,Male,172,Catholic,Environmental Sciences,32850
199539,Male,199,Other,Political Science,42177
425631,Male,189,Protestant,Environmental Sciences,39814
279381,Female,162,Muslim,Social Sciences,26744
944466,Female,145,Other,Biology,38405
664732,Female,164,Catholic,Biology,42540
263680,Female,179,Other,Environmental Sciences,34520
674442,Male,186,Catholic,Economics and Finance,66637
728029,Female,169,Other,Political Science,27893
355031,Male,177,Catholic,Environmental Sciences,46435
335768,Female,169,Other,Social Sciences,31484
169650,Male,174,Catholic,Political Science,41392
659253,Female,171,Protestant,Biology,37570
206207,Male,182,Other,Economics and Finance,47210
589505,Female,166,Catholic,Economics and Finance,40087
384883,Male,181,Other,Mathematics and Statistics,61385
247151,Female,153,Orthodox,Political Science,24333
966961,Male,171,Catholic,Political Science,51127
169114,Female,165,Protestant,Political Science,29217
905296,Female,169,Other,Political Science,37240
324756,Male,171,Protestant,Mathematics and Statistics,44369
487096,Female,173,Other,Political Science,19637
498504,Male,175,Other,Mathematics and Statistics,65397
596678,Male,184,Other,Economics and Finance,41541
448938,Male,170,Other,Mathematics and Statistics,53472
366237,Male,175,Protestant,Social Sciences,27488
551707,Female,154,Catholic,Economics and Finance,36829
321349,Male,178,Catholic,Economics and Finance,57427
836456,Male,173,Orthodox,Biology,57029
134081,Male,177,Catholic,Biology,53304
669750,Male,189,Muslim,Environmental Sciences,45282
287888,Male,179,Catholic,Mathematics and Statistics,41817
176666,Male,176,Catholic,Biology,45677
554521,Female,168,Protestant,Political Science,11444
199840,Male,176,Protestant,Mathematics and Statistics,50827
189421,Female,164,Other,Political Science,41282
464978,Male,174,Other,Environmental Sciences,36351
982773,Male,181,Catholic,Social Sciences,33354
787385,Male,187,Protestant,Mathematics and Statistics,50475
594536,Male,171,Catholic,Biology,57560
879901,Male,184,Catholic,Biology,40489
507809,Female,171,Catholic,Social Sciences,31151
252629,Male,186,Catholic,Environmental Sciences,34398
454608,Male,178,Catholic,Environmental Sciences,40925
554591,Female,146,Catholic,Biology,31646
507150,Male,169,Catholic,Economics and Finance,43990
788689,Male,183,Catholic,Biology,42549
699241,Female,160,Protestant,Environmental Sciences,29497
792334,Female,160,Other,Political Science,24395
660217,Female,170,Catholic,Biology,33493
862492,Male,182,Other,Environmental Sciences,39806
122995,Male,171,Protestant,Biology,54206
380838,Male,184,Protestant,Environmental Sciences,46321
484517,Male,182,Other,Biology,51829
511445,Female,167,Other,Biology,29855
861582,Male,176,Catholic,Mathematics and Statistics,48992
189725,Male,194,Catholic,Environmental Sciences,41135
617826,Male,175,Catholic,Mathematics and Statistics,46889
600853,Male,164,Other,Environmental Sciences,41415
869069,Male,179,Catholic,Mathematics and Statistics,50330
177802,Male,174,Other,Political Science,40454
309801,Male,164,Protestant,Biology,51416
158666,Female,172,Other,Mathematics and Statistics,38369
805375,Male,183,Protestant,Biology,49777
565447,Male,174,Protestant,Economics and Finance,63375
725752,Male,188,Other,Political Science,61664
392417,Female,152,Orthodox,Political Science,28820
296396,Female,173,Other,Biology,39224
900004,Male,182,Protestant,Biology,46238
707668,Female,165,Other,Environmental Sciences,28707
814718,Female,156,Other,Social Sciences,34420
516229,Female,164,Catholic,Biology,43635
162947,Male,195,Protestant,Economics and Finance,60217
434840,Female,162,Other,Social Sciences,31219
965061,Female,168,Muslim,Economics and Finance,46117
569422,Female,166,Protestant,Mathematics and Statistics,45625
302889,Male,187,Other,Environmental Sciences,43894
710686,Male,188,Other,Mathematics and Statistics,58914
526145,Female,159,Protestant,Biology,37653
692003,Female,158,Catholic,Biology,35176
600996,Male,171,Other,Economics and Finance,47258
744792,Male,203,Catholic,Biology,69519
851941,Female,168,Other,Social Sciences,28443
574219,Male,176,Catholic,Political Science,36200
988603,Male,187,Catholic,Economics and Finance,49605
484480,Female,150,Catholic,Mathematics and Statistics,23867
210485,Male,177,Catholic,Economics and Finance,52676
568049,Male,193,Other,Mathematics and Statistics,47351
147318,Male,181,Protestant,Economics and Finance,65776
969418,Male,184,Other,Economics and Finance,43191
275014,Female,174,Catholic,Political Science,41430
728576,Female,158,Other,Biology,34791
282208,Male,193,Orthodox,Economics and Finance,53065
970464,Male,171,Other,Mathematics and Statistics,53705
359665,Male,173,Other,Economics and Finance,46462
611195,Male,184,Catholic,Social Sciences,30762
883812,Female,184,Catholic,Environmental Sciences,35814
477938,Male,174,Other,Mathematics and Statistics,47816
350566,Female,156,Catholic,Biology,43819
654582,Female,158,Other,Economics and Finance,45679
791265,Female,157,Protestant,Economics and Finance,47683
740013,Female,157,Other,Environmental Sciences,30873
394257,Male,181,Orthodox,Environmental Sciences,37008
877560,Female,159,Protestant,Political Science,41570
206961,Female,157,Other,Political Science,26019
726881,Male,183,Catholic,Political Science,39262
775592,Male,195,Other,Political Science,34117
690399,Male,167,Protestant,Political Science,55883
923689,Male,176,Protestant,Political Science,46786
756961,Male,171,Muslim,Environmental Sciences,36439
842635,Male,172,Other,Economics and Finance,61779
902623,Male,188,Protestant,Economics and Finance,52184
921795,Male,172,Other,Political Science,31790
491938,Female,168,Other,Political Science,37306
950015,Male,185,Other,Biology,60848
912964,Male,165,Other,Economics and Finance,54083
644222,Female,166,Protestant,Social Sciences,34202
908969,Female,179,Muslim,Mathematics and Statistics,36600
355269,Female,168,Protestant,Environmental Sciences,30606
430350,Female,164,Other,Biology,49621
795087,Male,178,Orthodox,Economics and Finance,63184
206009,Male,169,Other,Mathematics and Statistics,48289
290953,Male,173,Catholic,Political Science,28928
515270,Male,192,Other,Biology,49930
202267,Female,164,Catholic,Environmental Sciences,33216
706070,Male,174,Other,Biology,35539
159061,Male,173,Catholic,Social Sciences,27154
923944,Male,173,Other,Environmental Sciences,43905
679466,Female,156,Protestant,Biology,52047
321492,Male,184,Catholic,Economics and Finance,51439
546863,Female,176,Protestant,Biology,30909
825379,Male,183,Catholic,Political Science,50865
420763,Female,167,Catholic,Political Science,45055
683224,Male,185,Protestant,Environmental Sciences,42339
768607,Male,192,Catholic,Environmental Sciences,36292
805991,Male,195,Other,Economics and Finance,46284
532938,Female,160,Protestant,Political Science,31012
217025,Male,167,Catholic,Biology,56756
117917,Male,183,Catholic,Biology,54078
812543,Male,176,Other,Biology,57842
791609,Male,180,Protestant,Biology,56183
362764,Male,167,Protestant,Economics and Finance,52230
618335,Female,164,Protestant,Environmental Sciences,32902
326623,Male,175,Other,Biology,51467
176838,Male,170,Other,Economics and Finance,48882
245697,Male,180,Catholic,Environmental Sciences,42793
195754,Female,173,Protestant,Economics and Finance,39911
312905,Female,165,Protestant,Environmental Sciences,35375
858822,Male,173,Muslim,Mathematics and Statistics,44530
704791,Female,154,Catholic,Environmental Sciences,40356
618749,Female,168,Orthodox,Economics and Finance,48651
950895,Male,187,Other,Political Science,52103
198996,Female,166,Protestant,Political Science,20482
135634,Male,182,Catholic,Mathematics and Statistics,50083
729695,Male,188,Catholic,Environmental Sciences,36095
479694,Female,155,Other,Social Sciences,28673
700769,Male,182,Other,Social Sciences,31949
182816,Female,166,Protestant,Environmental Sciences,38530
957866,Male,188,Protestant,Biology,61261
761485,Female,155,Catholic,Social Sciences,31539
650299,Male,191,Protestant,Biology,44896
529167,Male,169,Protestant,Economics and Finance,60101
118892,Female,156,Catholic,Economics and Finance,38890
839969,Female,159,Protestant,Environmental Sciences,31336
430239,Male,190,Protestant,Social Sciences,37584
596720,Male,170,Other,Environmental Sciences,36018
954089,Female,162,Muslim,Political Science,46945
186261,Female,160,Catholic,Political Science,34149
696080,Male,162,Orthodox,Economics and Finance,56535
212641,Female,168,Other,Environmental Sciences,28453
590941,Male,182,Protestant,Mathematics and Statistics,48483
317102,Female,145,Protestant,Social Sciences,29636
313685,Male,177,Protestant,Economics and Finance,46636
497782,Male,177,Protestant,Economics and Finance,41384
242731,Male,177,Other,Economics and Finance,57925
593581,Female,155,Protestant,Biology,45055
683129,Female,169,Other,Political Science,21000
384808,Female,161,Catholic,Biology,41494
617347,Male,196,Other,Environmental Sciences,40304
829313,Male,174,Catholic,Mathematics and Statistics,50966
671261,Male,173,Catholic,Biology,55485
534172,Male,177,Other,Environmental Sciences,36305
862277,Male,173,Catholic,Biology,58693
136060,Male,173,Other,Biology,52316
334969,Female,168,Other,Biology,49391
343331,Male,171,Protestant,Economics and Finance,64708
833332,Female,169,Other,Biology,44279
755721,Female,147,Catholic,Political Science,30253
962233,Male,176,Catholic,Political Science,29758
451961,Male,182,Catholic,Environmental Sciences,31608
677662,Female,160,Other,Biology,56722
906704,Female,162,Other,Environmental Sciences,25979
111469,Male,188,Catholic,Biology,52452
960701,Male,184,Catholic,Environmental Sciences,41671
808356,Female,166,Catholic,Political Science,34035
859612,Female,170,Orthodox,Political Science,36283
659359,Female,163,Catholic,Economics and Finance,46586
759021,Male,175,Other,Mathematics and Statistics,41124
726681,Female,156,Protestant,Political Science,43868
398618,Male,178,Protestant,Biology,50988
434279,Female,158,Other,Political Science,37842
275951,Female,160,Catholic,Economics and Finance,37019
560475,Female,171,Muslim,Political Science,38303
383269,Male,178,Other,Political Science,37856
461293,Female,166,Catholic,Economics and Finance,50365
806745,Female,162,Catholic,Biology,40975
224074,Male,192,Protestant,Political Science,31237
624714,Male,188,Orthodox,Economics and Finance,53114
347889,Male,167,Catholic,Economics and Finance,56037
679986,Male,176,Catholic,Mathematics and Statistics,55300
827353,Female,169,Catholic,Environmental Sciences,38906
451408,Female,162,Other,Environmental Sciences,32821
601255,Female,168,Catholic,Social Sciences,33354
317857,Male,174,Catholic,Economics and Finance,50012
225865,Male,177,Catholic,Economics and Finance,50078
445948,Male,168,Protestant,Mathematics and Statistics,37014
469849,Male,184,Other,Economics and Finance,66922
426940,Female,163,Protestant,Biology,45120
198362,Male,172,Other,Biology,44483
748309,Female,165,Protestant,Biology,37760
435115,Male,184,Other,Economics and Finance,58113
934141,Female,164,Other,Political Science,47968
651987,Male,185,Catholic,Mathematics and Statistics,44011
271433,Male,181,Other,Social Sciences,46247
455769,Male,174,Catholic,Mathematics and Statistics,48997
361644,Male,196,Catholic,Political Science,47548
249189,Female,178,Other,Environmental Sciences,26269
360430,Female,164,Orthodox,Political Science,30327
176318,Male,176,Catholic,Economics and Finance,54416
873076,Female,150,Catholic,Environmental Sciences,31387
936548,Female,161,Other,Biology,49043
481418,Male,188,Other,Mathematics and Statistics,57048
276165,Male,175,Other,Economics and Finance,59404
505652,Male,179,Other,Environmental Sciences,33925
894127,Female,168,Other,Social Sciences,27632
228580,Female,171,Catholic,Social Sciences,31224
712039,Female,168,Catholic,Economics and Finance,42108
979289,Female,164,Orthodox,Political Science,36508
403401,Male,173,Other,Political Science,37748
149540,Female,172,Other,Political Science,34492
831973,Female,152,Protestant,Biology,38722
165377,Female,143,Protestant,Environmental Sciences,30096
492136,Female,170,Muslim,Biology,38189
579104,Male,183,Orthodox,Environmental Sciences,47309
458881,Female,162,Catholic,Economics and Finance,43749
654710,Male,184,Other,Economics and Finance,51367
681269,Female,148,Protestant,Social Sciences,27606
298182,Male,184,Protestant,Economics and Finance,59920
481558,Male,176,Catholic,Economics and Finance,51465
202012,Male,195,Other,Biology,49941
445871,Female,164,Other,Biology,51353
747244,Male,194,Protestant,Economics and Finance,64271
952649,Male,164,Catholic,Political Science,37820
243014,Male,188,Other,Mathematics and Statistics,69351
543466,Male,174,Protestant,Economics and Finance,51568
186220,Male,180,Catholic,Social Sciences,37259
482518,Female,158,Other,Environmental Sciences,29326
766664,Female,177,Catholic,Environmental Sciences,34212
762595,Female,149,Protestant,Economics and Finance,42971
491571,Female,145,Catholic,Social Sciences,42555
577119,Male,171,Catholic,Social Sciences,33831
863615,Male,181,Orthodox,Environmental Sciences,34491
659921,Male,198,Catholic,Mathematics and Statistics,70325
813853,Male,192,Orthodox,Biology,54410
946346,Male,169,Other,Biology,46897
163772,Female,163,Protestant,Environmental Sciences,28235
153149,Male,169,Other,Biology,53242
905586,Male,160,Orthodox,Economics and Finance,47418
559035,Male,174,Protestant,Mathematics and Statistics,50318
211707,Female,162,Muslim,Biology,40860
531327,Male,174,Catholic,Economics and Finance,46885
604937,Male,180,Other,Political Science,35945
791913,Female,160,Other,Biology,40064
303136,Female,160,Catholic,Biology,52692
566262,Female,184,Orthodox,Economics and Finance,44369
685552,Female,167,Other,Environmental Sciences,38400
606531,Female,161,Other,Political Science,20691
555871,Male,180,Other,Political Science,44242
673553,Male,174,Catholic,Political Science,46155
926398,Male,175,Protestant,Social Sciences,39931
759497,Male,179,Protestant,Economics and Finance,62887
336410,Male,176,Catholic,Environmental Sciences,45274
886844,Male,181,Other,Mathematics and Statistics,38292
764571,Male,180,Protestant,Economics and Finance,69349
893072,Female,158,Protestant,Political Science,34055
321581,Female,172,Catholic,Political Science,32943
169014,Male,183,Protestant,Environmental Sciences,41598
212115,Female,163,Catholic,Environmental Sciences,26604
127324,Female,168,Other,Social Sciences,28059
901238,Female,165,Catholic,Biology,36275
902110,Male,180,Protestant,Environmental Sciences,39300
527029,Female,175,Catholic,Economics and Finance,43001
761067,Male,179,Catholic,Mathematics and Statistics,57333
460855,Female,159,Other,Environmental Sciences,29401
350085,Female,160,Other,Political Science,31267
480495,Male,184,Catholic,Economics and Finance,44606
249763,Female,159,Protestant,Environmental Sciences,27017
962863,Male,193,Catholic,Social Sciences,39124
652907,Female,182,Catholic,Social Sciences,31937
882907,Male,175,Other,Biology,47577
729358,Male,172,Catholic,Biology,59472
678841,Male,170,Catholic,Political Science,33260
593016,Male,185,Catholic,Environmental Sciences,42665
692008,Female,169,Other,Political Science,35508
481222,Male,171,Protestant,Environmental Sciences,38750
170888,Female,158,Protestant,Social Sciences,31405
199103,Female,171,Other,Political Science,34750
495511,Female,164,Catholic,Economics and Finance,45993
658589,Female,173,Catholic,Social Sciences,37894
651764,Female,166,Catholic,Mathematics and Statistics,43572
759837,Male,172,Catholic,Social Sciences,21583
453805,Male,177,Protestant,Economics and Finance,51033
650150,Female,166,Muslim,Mathematics and Statistics,41336
747829,Female,179,Other,Environmental Sciences,30619
163325,Female,160,Protestant,Biology,46509
247295,Female,162,Other,Biology,45019
207765,Male,179,Catholic,Biology,46557
928145,Female,161,Protestant,Environmental Sciences,35294
363256,Female,159,Orthodox,Political Science,28888
960794,Male,179,Catholic,Mathematics and Statistics,61382
508696,Male,176,Protestant,Environmental Sciences,38409
546482,Male,175,Other,Economics and Finance,50911
855401,Female,165,Protestant,Economics and Finance,43553
111998,Male,174,Catholic,Environmental Sciences,37364
394205,Female,164,Protestant,Political Science,31332
532690,Female,170,Orthodox,Social Sciences,38738
521046,Female,157,Protestant,Social Sciences,33642
774278,Male,186,Catholic,Environmental Sciences,36452
411195,Female,163,Catholic,Social Sciences,26235
571311,Female,166,Protestant,Political Science,36433
837316,Male,170,Protestant,Social Sciences,38484
223835,Male,176,Other,Mathematics and Statistics,56252
375119,Male,172,Other,Mathematics and Statistics,44148
537813,Female,153,Catholic,Biology,42615
269392,Female,162,Other,Political Science,38759
547391,Female,166,Other,Economics and Finance,36410
423213,Male,174,Other,Mathematics and Statistics,43067
607721,Male,182,Catholic,Mathematics and Statistics,39612
197076,Female,162,Protestant,Environmental Sciences,32917
918215,Female,153,Catholic,Mathematics and Statistics,45286
337334,Female,163,Other,Social Sciences,31703
642239,Female,163,Other,Environmental Sciences,41132
631034,Female,166,Protestant,Political Science,20773
910920,Male,161,Other,Environmental Sciences,34870
386164,Male,183,Other,Economics and Finance,48457
689675,Male,171,Other,Mathematics and Statistics,62360
409246,Male,165,Other,Economics and Finance,57196
426069,Male,178,Catholic,Economics and Finance,59481
775688,Male,180,Catholic,Mathematics and Statistics,50373
477202,Male,179,Other,Mathematics and Statistics,47666
841894,Male,169,Muslim,Environmental Sciences,31723
801132,Female,160,Muslim,Political Science,35632
155430,Female,164,Protestant,Economics and Finance,48118
411399,Female,156,Other,Environmental Sciences,33530
948092,Female,151,Other,Mathematics and Statistics,40804
575895,Female,165,Protestant,Biology,46576
985960,Male,194,Other,Biology,43083
357001,Male,196,Orthodox,Environmental Sciences,43251
605010,Female,169,Other,Political Science,43325
599667,Male,180,Catholic,Economics and Finance,72787
606238,Female,162,Protestant,Political Science,29627
741864,Female,162,Catholic,Social Sciences,19856
456552,Female,159,Other,Biology,41158
937660,Female,166,Other,Social Sciences,36180
497075,Female,162,Catholic,Social Sciences,27408
602560,Female,156,Catholic,Political Science,39711
419070,Female,160,Other,Political Science,38888
971054,Female,168,Catholic,Political Science,38009
970911,Female,164,Protestant,Biology,38769
364152,Male,173,Protestant,Biology,70095
934357,Male,180,Catholic,Economics and Finance,43015
490824,Male,178,Protestant,Political Science,58613
921305,Male,186,Protestant,Environmental Sciences,44984
462992,Male,192,Catholic,Economics and Finance,59288
767937,Female,168,Catholic,Social Sciences,34317
542732,Female,146,Catholic,Social Sciences,22061
256839,Male,163,Other,Biology,61102
686461,Female,166,Catholic,Political Science,36208
266076,Male,168,Catholic,Biology,42951
437820,Male,155,Catholic,Environmental Sciences,39492
841378,Male,166,Orthodox,Political Science,28708
846834,Female,173,Other,Environmental Sciences,34775
594278,Female,167,Catholic,Biology,33693
358742,Female,166,Other,Economics and Finance,43025
725066,Male,191,Catholic,Economics and Finance,49122
306442,Male,180,Protestant,Social Sciences,44777
832596,Male,165,Catholic,Mathematics and Statistics,42495
442195,Male,181,Other,Economics and Finance,52344
471913,Male,173,Catholic,Environmental Sciences,36599
648340,Male,171,Other,Mathematics and Statistics,43757
533127,Male,186,Other,Social Sciences,41164
491541,Male,170,Catholic,Social Sciences,33477
145718,Male,180,Catholic,Biology,48574
812467,Female,159,Protestant,Biology,38480
677171,Male,185,Protestant,Biology,61068
663553,Male,146,Catholic,Economics and Finance,55801
309827,Female,163,Orthodox,Social Sciences,26098
560028,Male,181,Other,Mathematics and Statistics,33902
731560,Male,175,Other,Economics and Finance,50206
768418,Male,175,Catholic,Environmental Sciences,37851
572551,Female,160,Protestant,Biology,43755
182706,Male,180,Protestant,Environmental Sciences,40913
953820,Female,161,Protestant,Biology,47327
898710,Female,156,Catholic,Political Science,29217
468954,Female,165,Other,Social Sciences,25446
425362,Female,170,Other,Social Sciences,32195
263937,Male,167,Protestant,Mathematics and Statistics,58179
905793,Female,156,Protestant,Environmental Sciences,34078
176776,Female,165,Protestant,Environmental Sciences,35200
209894,Male,191,Catholic,Environmental Sciences,29317
566958,Male,168,Other,Mathematics and Statistics,53877
645027,Female,156,Other,Political Science,41274
954824,Male,183,Protestant,Mathematics and Statistics,46975
644759,Male,167,Catholic,Mathematics and Statistics,51017
950064,Male,178,Catholic,Environmental Sciences,34468
287354,Male,190,Catholic,Environmental Sciences,37554
738972,Male,170,Catholic,Mathematics and Statistics,50361
275978,Male,180,Catholic,Social Sciences,32838
317686,Male,165,Other,Mathematics and Statistics,52587
341323,Female,174,Catholic,Biology,38884
824558,Male,177,Protestant,Political Science,53929
430689,Male,171,Protestant,Biology,53372
509375,Male,174,Protestant,Mathematics and Statistics,42801
728977,Male,182,Protestant,Biology,56854
637550,Female,161,Other,Mathematics and Statistics,37710
595839,Female,168,Protestant,Political Science,34856
840378,Male,187,Protestant,Biology,58133
579097,Female,168,Protestant,Biology,39136
415509,Male,168,Protestant,Mathematics and Statistics,40883
163521,Female,168,Protestant,Social Sciences,28281
676636,Female,160,Catholic,Environmental Sciences,32539
420995,Male,169,Catholic,Economics and Finance,55069
839045,Female,160,Protestant,Environmental Sciences,31539
147207,Female,165,Other,Social Sciences,17553
380497,Male,175,Catholic,Environmental Sciences,37119
854188,Male,185,Catholic,Economics and Finance,55861
273444,Male,191,Other,Environmental Sciences,45851
866648,Male,167,Protestant,Social Sciences,24695
262113,Male,176,Other,Mathematics and Statistics,48453
567590,Male,177,Protestant,Economics and Finance,57091
943880,Male,161,Catholic,Biology,48904
594474,Female,166,Catholic,Economics and Finance,34371
648067,Female,174,Catholic,Social Sciences,34849
641978,Female,158,Muslim,Social Sciences,28125
940781,Female,156,Orthodox,Economics and Finance,52931
632219,Female,142,Muslim,Political Science,29784
311901,Male,183,Other,Environmental Sciences,47613
394956,Male,180,Orthodox,Mathematics and Statistics,45819
291406,Male,176,Catholic,Economics and Finance,53683
234038,Male,189,Other,Environmental Sciences,44726
166592,Male,170,Other,Biology,45943
415647,Male,187,Catholic,Economics and Finance,61024
680453,Female,166,Other,Social Sciences,26722
465662,Male,179,Catholic,Economics and Finance,60414
146915,Male,173,Muslim,Political Science,36489
933428,Female,172,Catholic,Biology,36218
715472,Female,178,Muslim,Political Science,41806
706758,Female,161,Protestant,Political Science,32055
822123,Male,176,Catholic,Mathematics and Statistics,45177
323608,Male,167,Orthodox,Economics and Finance,56720
365756,Male,181,Catholic,Political Science,70932
862330,Male,179,Catholic,Political Science,24410
646747,Female,147,Catholic,Social Sciences,13300
220811,Female,171,Other,Biology,46398
253489,Male,174,Catholic,Political Science,63199
669688,Male,187,Catholic,Environmental Sciences,37029
362425,Male,175,Protestant,Biology,53512
808052,Female,171,Catholic,Environmental Sciences,33235
303676,Male,181,Other,Environmental Sciences,34180
947410,Male,182,Catholic,Economics and Finance,57906
128747,Female,170,Other,Mathematics and Statistics,43191
415149,Female,173,Other,Biology,39301
289052,Male,179,Protestant,Environmental Sciences,35606
390728,Male,186,Protestant,Biology,42855
799064,Male,177,Orthodox,Mathematics and Statistics,54456
270572,Female,162,Other,Social Sciences,14709
165901,Female,171,Other,Environmental Sciences,30484
747054,Male,178,Catholic,Biology,51836
802716,Female,160,Protestant,Social Sciences,26032
411343,Male,172,Other,Environmental Sciences,51332
822522,Female,159,Protestant,Biology,42234
590252,Female,154,Other,Political Science,37930
211938,Male,176,Catholic,Mathematics and Statistics,40959
186245,Male,176,Catholic,Economics and Finance,33688
241453,Male,178,Other,Economics and Finance,58449
433131,Male,186,Other,Biology,47872
939884,Male,185,Other,Environmental Sciences,48164
646531,Male,186,Other,Mathematics and Statistics,47247
613739,Male,177,Muslim,Mathematics and Statistics,53637
687143,Male,188,Other,Economics and Finance,57527
188492,Male,193,Other,Mathematics and Statistics,43797
571211,Female,167,Other,Environmental Sciences,35554
337141,Female,157,Catholic,Environmental Sciences,34201
559518,Female,167,Other,Economics and Finance,43039
276036,Male,182,Orthodox,Political Science,44493
572624,Female,177,Protestant,Economics and Finance,33300
786466,Male,172,Protestant,Political Science,43529
575898,Male,163,Orthodox,Political Science,51908
124687,Male,172,Protestant,Environmental Sciences,49005
952528,Male,182,Other,Economics and Finance,57248
540470,Female,176,Other,Political Science,25217
785674,Female,159,Protestant,Economics and Finance,44884
396035,Male,186,Catholic,Mathematics and Statistics,55139
699675,Male,178,Protestant,Economics and Finance,54851
450135,Male,177,Other,Mathematics and Statistics,37791
466449,Female,174,Catholic,Social Sciences,36871
178668,Male,181,Orthodox,Environmental Sciences,41264
510112,Female,174,Other,Social Sciences,30903
379229,Female,165,Other,Social Sciences,28159
514641,Female,156,Orthodox,Social Sciences,34374
227620,Female,160,Catholic,Biology,46714
625866,Male,186,Other,Economics and Finance,47732
362835,Male,184,Catholic,Environmental Sciences,34601
643415,Male,174,Other,Biology,43794
405828,Male,190,Protestant,Economics and Finance,42485
928609,Female,171,Other,Social Sciences,29531
277240,Male,182,Other,Environmental Sciences,43293
832111,Female,167,Protestant,Political Science,25456
542948,Male,167,Catholic,Economics and Finance,58614
851284,Male,173,Protestant,Environmental Sciences,42235
749390,Female,166,Catholic,Environmental Sciences,34319
193855,Female,181,Catholic,Political Science,25707
501826,Male,177,Other,Biology,50508
766735,Male,176,Other,Mathematics and Statistics,49705
794258,Male,181,Catholic,Mathematics and Statistics,44989
308564,Female,164,Catholic,Social Sciences,31507
484605,Male,183,Orthodox,Political Science,34168
587073,Female,161,Other,Political Science,30796
753590,Male,170,Protestant,Political Science,23308
511204,Male,180,Catholic,Political Science,40136
850877,Male,183,Other,Mathematics and Statistics,51529
672439,Female,174,Protestant,Environmental Sciences,39102
203349,Male,184,Protestant,Environmental Sciences,45172
440547,Female,164,Catholic,Biology,45614
196294,Male,191,Other,Economics and Finance,57711
518904,Female,168,Catholic,Social Sciences,28338
248878,Male,174,Other,Mathematics and Statistics,53074
860588,Male,176,Catholic,Environmental Sciences,41686
442445,Female,164,Orthodox,Biology,47760
614482,Female,151,Catholic,Political Science,33607
499214,Female,172,Other,Economics and Finance,34831
571895,Male,192,Catholic,Mathematics and Statistics,57849
576315,Female,168,Other,Biology,42347
531434,Male,182,Other,Environmental Sciences,33021
609959,Male,169,Protestant,Political Science,41454
397699,Female,172,Other,Economics and Finance,37855
948736,Male,173,Catholic,Mathematics and Statistics,44700
716460,Female,161,Other,Mathematics and Statistics,40168
806767,Male,182,Other,Mathematics and Statistics,52417
936921,Male,173,Other,Environmental Sciences,36276
681197,Female,171,Catholic,Biology,41375
294686,Male,192,Protestant,Environmental Sciences,40285
796433,Female,174,Other,Political Science,26124
520250,Male,188,Catholic,Environmental Sciences,34485
394428,Male,179,Other,Political Science,45048
556892,Male,180,Orthodox,Mathematics and Statistics,44450
287975,Male,181,Other,Biology,57132
511991,Male,189,Other,Social Sciences,40945
774391,Male,169,Catholic,Mathematics and Statistics,59879
976300,Male,180,Other,Political Science,29757
451969,Male,178,Muslim,Biology,59623
813716,Male,168,Muslim,Environmental Sciences,41991
901358,Female,166,Catholic,Biology,42018
919276,Male,171,Catholic,Biology,41225
308642,Male,174,Catholic,Biology,57805
630376,Female,164,Other,Biology,50139
923392,Male,180,Orthodox,Economics and Finance,57629
440420,Female,179,Muslim,Biology,36688
511398,Male,189,Protestant,Political Science,56182
593204,Female,172,Other,Political Science,33604
475422,Female,148,Catholic,Political Science,43922
235616,Male,169,Catholic,Biology,53282
227666,Male,197,Catholic,Mathematics and Statistics,45919
929666,Male,173,Catholic,Economics and Finance,50416
129905,Male,179,Catholic,Economics and Finance,48013
804749,Female,172,Muslim,Political Science,29832
198288,Female,170,Other,Biology,38492
244176,Male,180,Protestant,Mathematics and Statistics,56157
884495,Male,183,Catholic,Economics and Finance,36806
771058,Male,182,Catholic,Mathematics and Statistics,46307
547207,Male,179,Other,Mathematics and Statistics,50363
424578,Female,171,Catholic,Biology,36589
152122,Female,164,Catholic,Political Science,30184
744620,Male,194,Orthodox,Economics and Finance,40318
784220,Male,185,Other,Mathematics and Statistics,46924
613716,Male,181,Other,Social Sciences,41042
772906,Female,166,Catholic,Biology,39085
941281,Male,186,Catholic,Mathematics and Statistics,61432
555969,Female,163,Other,Economics and Finance,37275
275274,Female,159,Catholic,Biology,38747
643691,Female,168,Other,Environmental Sciences,29178
750960,Male,175,Other,Economics and Finance,52367
221168,Female,165,Catholic,Environmental Sciences,23870
400123,Male,184,Protestant,Mathematics and Statistics,58761
813501,Female,171,Orthodox,Biology,49111
905028,Male,179,Catholic,Political Science,47120
425349,Female,176,Muslim,Social Sciences,35987
616453,Male,187,Catholic,Environmental Sciences,37657
437739,Male,186,Catholic,Social Sciences,35819
887121,Male,173,Other,Environmental Sciences,35411
912116,Male,190,Protestant,Mathematics and Statistics,37924
298125,Male,185,Catholic,Political Science,60996
730186,Female,165,Other,Biology,43287
764909,Male,189,Other,Political Science,43313
551817,Male,171,Catholic,Economics and Finance,51867
639622,Male,167,Protestant,Economics and Finance,57010
819078,Male,184,Other,Social Sciences,34718
154158,Male,174,Protestant,Environmental Sciences,44812
852272,Male,186,Protestant,Social Sciences,37149
215791,Female,168,Catholic,Biology,41235
164390,Female,151,Orthodox,Economics and Finance,38211
912000,Female,163,Catholic,Biology,52684
768807,Female,167,Protestant,Economics and Finance,39261
245154,Female,158,Other,Biology,36709
287535,Female,151,Protestant,Biology,43022
526849,Female,158,Other,Political Science,35270
643899,Female,160,Orthodox,Environmental Sciences,31341
190974,Female,164,Other,Biology,48552
436261,Male,173,Other,Mathematics and Statistics,64012
882620,Male,180,Protestant,Economics and Finance,56732
523108,Male,178,Protestant,Environmental Sciences,37966
590772,Female,154,Catholic,Social Sciences,22973
958176,Male,182,Orthodox,Mathematics and Statistics,56900
567950,Male,182,Other,Political Science,42605
832761,Female,170,Protestant,Biology,41505
405680,Male,182,Other,Economics and Finance,42211
653718,Male,175,Protestant,Environmental Sciences,46064
901466,Female,161,Catholic,Economics and Finance,42354
205020,Female,152,Other,Political Science,31807
518145,Male,184,Protestant,Mathematics and Statistics,40343
139052,Male,162,Protestant,Social Sciences,34318
390114,Female,158,Catholic,Biology,36683
480079,Female,147,Other,Social Sciences,24492
744509,Male,168,Protestant,Mathematics and Statistics,62192
749611,Female,153,Catholic,Political Science,38592
602871,Male,167,Catholic,Environmental Sciences,33960
143206,Male,178,Other,Environmental Sciences,45734
391689,Male,173,Catholic,Mathematics and Statistics,56954
304241,Female,160,Protestant,Mathematics and Statistics,32429
425533,Male,178,Orthodox,Social Sciences,36923
773044,Female,177,Other,Economics and Finance,39157
918190,Male,178,Protestant,Mathematics and Statistics,45677
454408,Female,176,Catholic,Mathematics and Statistics,43637
429687,Male,187,Orthodox,Mathematics and Statistics,54677
144673,Male,168,Other,Economics and Finance,42994
181738,Female,160,Catholic,Environmental Sciences,29044
597038,Male,168,Protestant,Mathematics and Statistics,47676
590581,Female,157,Orthodox,Political Science,36429
822075,Male,178,Protestant,Environmental Sciences,44032
367512,Male,187,Other,Environmental Sciences,43059
822610,Female,171,Other,Environmental Sciences,29703
320942,Male,184,Protestant,Political Science,54267
201379,Female,163,Protestant,Social Sciences,26482
658578,Male,178,Catholic,Economics and Finance,55083
473274,Male,182,Other,Environmental Sciences,38010
422951,Female,171,Protestant,Political Science,32155
361025,Male,167,Orthodox,Environmental Sciences,39497
800509,Male,175,Protestant,Political Science,57420
200553,Male,188,Catholic,Political Science,43028
868569,Male,179,Catholic,Economics and Finance,50076
615548,Male,177,Orthodox,Environmental Sciences,47428
246679,Female,158,Protestant,Social Sciences,33966
963345,Male,179,Other,Economics and Finance,47444
532267,Female,172,Other,Social Sciences,31381
783666,Male,189,Other,Biology,56960
822135,Female,159,Catholic,Social Sciences,33125
647244,Female,173,Orthodox,Biology,42889
650120,Male,186,Catholic,Social Sciences,25592
917474,Male,184,Protestant,Environmental Sciences,36534
677437,Female,151,Protestant,Economics and Finance,56494
613201,Male,171,Orthodox,Economics and Finance,49556
584939,Female,160,Other,Mathematics and Statistics,34831
345388,Female,175,Catholic,Biology,39983
714747,Male,163,Protestant,Environmental Sciences,37415
634784,Female,162,Catholic,Political Science,35091
360012,Male,182,Catholic,Environmental Sciences,39359
391861,Male,187,Catholic,Social Sciences,29185
262465,Male,187,Muslim,Mathematics and Statistics,55888
174303,Male,176,Protestant,Biology,61829
634243,Male,184,Other,Mathematics and Statistics,66473
906012,Male,162,Catholic,Political Science,27822
872801,Female,171,Catholic,Environmental Sciences,36473
555549,Male,179,Catholic,Mathematics and Statistics,62859
977390,Female,168,Protestant,Biology,48951
711687,Female,165,Protestant,Environmental Sciences,27312
209446,Female,166,Orthodox,Mathematics and Statistics,41919
794953,Male,185,Catholic,Environmental Sciences,42623
270828,Female,172,Catholic,Social Sciences,35841
778497,Female,170,Protestant,Political Science,32038
812921,Female,157,Catholic,Environmental Sciences,32030
429789,Female,162,Other,Social Sciences,30656
371542,Male,172,Other,Economics and Finance,58381
320418,Female,156,Other,Social Sciences,22804
658949,Male,180,Catholic,Political Science,34094
947765,Male,179,Other,Economics and Finance,55980
717974,Male,184,Protestant,Economics and Finance,47858
317925,Male,173,Catholic,Biology,44261
226389,Male,175,Catholic,Biology,59567
868909,Female,161,Protestant,Political Science,28791
229811,Female,164,Catholic,Biology,48098
329155,Male,179,Other,Mathematics and Statistics,43769
250523,Female,157,Other,Economics and Finance,40380
842519,Male,170,Protestant,Economics and Finance,39034
134026,Female,159,Muslim,Environmental Sciences,31874
255219,Male,174,Other,Political Science,39563
166604,Female,156,Other,Social Sciences,23968
749377,Female,158,Catholic,Social Sciences,24143
522622,Female,155,Other,Political Science,24364
522602,Male,192,Catholic,Social Sciences,36733
535044,Male,171,Orthodox,Environmental Sciences,32207
460462,Male,183,Catholic,Environmental Sciences,37947
596321,Male,182,Catholic,Biology,54647
397168,Male,185,Muslim,Environmental Sciences,45259
180209,Male,180,Protestant,Social Sciences,39648
425337,Male,170,Other,Environmental Sciences,35682
717973,Male,179,Catholic,Environmental Sciences,42284
511564,Female,161,Other,Political Science,37468
445020,Female,163,Protestant,Environmental Sciences,33035
322758,Male,173,Catholic,Environmental Sciences,51240
676722,Male,176,Other,Political Science,43781
920111,Male,180,Catholic,Mathematics and Statistics,42247
611012,Male,175,Protestant,Economics and Finance,38327
848175,Female,156,Catholic,Economics and Finance,38798
141477,Male,186,Protestant,Political Science,38433
874605,Male,173,Orthodox,Social Sciences,32209
627765,Male,180,Other,Biology,49070
411602,Male,166,Protestant,Political Science,42407
237621,Male,182,Catholic,Environmental Sciences,42853
762459,Female,161,Catholic,Environmental Sciences,35261
382523,Male,189,Other,Biology,53295
294858,Male,180,Catholic,Biology,41776
213142,Male,178,Protestant,Environmental Sciences,39462
737702,Male,174,Protestant,Mathematics and Statistics,39337
513397,Male,167,Orthodox,Environmental Sciences,31189
662190,Male,172,Catholic,Political Science,36965
887428,Male,181,Other,Biology,54008
522651,Female,166,Other,Social Sciences,33511
678552,Male,187,Orthodox,Economics and Finance,58824
463353,Male,168,Protestant,Economics and Finance,61854
402499,Male,180,Orthodox,Mathematics and Statistics,46847
974296,Female,160,Other,Environmental Sciences,40309
457692,Male,183,Other,Economics and Finance,52738
743476,Male,201,Other,Political Science,38824
752496,Male,178,Orthodox,Economics and Finance,49223
509640,Male,184,Catholic,Mathematics and Statistics,42531
789419,Male,174,Catholic,Economics and Finance,47959
966285,Male,164,Protestant,Social Sciences,35063
513336,Female,176,Other,Social Sciences,33716
361470,Male,182,Orthodox,Mathematics and Statistics,46026
289869,Male,183,Catholic,Biology,49997
677803,Male,170,Other,Political Science,37224
272096,Male,182,Catholic,Economics and Finance,67358
128775,Female,154,Protestant,Social Sciences,22313
258774,Male,195,Orthodox,Economics and Finance,44782
449891,Male,179,Other,Political Science,26973
581542,Female,159,Other,Social Sciences,26659
932972,Male,187,Protestant,Mathematics and Statistics,54543
578326,Male,187,Catholic,Environmental Sciences,36631
758545,Female,168,Catholic,Environmental Sciences,35207
541567,Male,179,Orthodox,Mathematics and Statistics,39135
530661,Male,186,Catholic,Mathematics and Statistics,64540
517832,Male,176,Catholic,Economics and Finance,56870
629831,Female,156,Catholic,Environmental Sciences,37313
681365,Male,190,Catholic,Mathematics and Statistics,39112
193226,Female,164,Catholic,Political Science,53909
805428,Male,173,Protestant,Biology,52275
582282,Male,177,Catholic,Biology,53268
242831,Female,178,Catholic,Biology,41079
654527,Male,172,Other,Biology,61862
120552,Female,157,Catholic,Environmental Sciences,34968
765821,Male,176,Other,Environmental Sciences,48653
482774,Male,185,Other,Biology,43245
201678,Male,179,Other,Political Science,43791
908850,Male,182,Catholic,Biology,56318
661763,Male,177,Catholic,Mathematics and Statistics,42423
370856,Male,177,Other,Social Sciences,32334
925809,Male,159,Catholic,Economics and Finance,39298
542563,Female,156,Catholic,Mathematics and Statistics,41133
912943,Male,179,Catholic,Environmental Sciences,37798
253803,Male,170,Other,Environmental Sciences,38513
547241,Female,162,Protestant,Mathematics and Statistics,45546
385506,Male,175,Catholic,Economics and Finance,52063
197837,Male,186,Other,Biology,55660
773726,Male,192,Catholic,Economics and Finance,49475
756854,Male,187,Catholic,Political Science,55693
490086,Male,188,Other,Mathematics and Statistics,67278
481361,Male,186,Protestant,Biology,55726
387763,Male,177,Other,Economics and Finance,42533
969474,Female,159,Other,Biology,51964
395840,Male,180,Other,Economics and Finance,57949
862959,Female,162,Catholic,Environmental Sciences,31661
526366,Male,173,Protestant,Biology,53835
263118,Female,164,Other,Biology,38990
896301,Male,189,Muslim,Biology,56016
781388,Male,184,Protestant,Economics and Finance,55899
895150,Male,175,Orthodox,Mathematics and Statistics,45703
511967,Male,182,Protestant,Mathematics and Statistics,54681
857227,Male,187,Protestant,Biology,49977
695657,Female,158,Catholic,Environmental Sciences,25273
473749,Female,145,Protestant,Political Science,47791
709928,Male,179,Catholic,Mathematics and Statistics,52384
347175,Male,177,Catholic,Mathematics and Statistics,46574
225688,Male,175,Orthodox,Mathematics and Statistics,45295
399739,Male,166,Other,Economics and Finance,39437
337281,Female,170,Protestant,Environmental Sciences,27338
132839,Female,153,Catholic,Economics and Finance,38048
261700,Male,178,Protestant,Environmental Sciences,39790
815956,Female,164,Other,Political Science,26951
529136,Male,183,Other,Mathematics and Statistics,54495
527540,Male,168,Catholic,Economics and Finance,43516
384661,Male,180,Protestant,Social Sciences,40319
316772,Male,172,Other,Social Sciences,37363
335511,Male,190,Other,Economics and Finance,57318
459810,Female,161,Catholic,Political Science,21486
527539,Male,178,Catholic,Economics and Finance,42593
297291,Female,162,Protestant,Environmental Sciences,35433
722150,Female,178,Other,Social Sciences,34227
669986,Male,167,Catholic,Political Science,40540
341051,Male,166,Protestant,Biology,50860
531911,Female,156,Catholic,Economics and Finance,37246
706945,Male,183,Catholic,Mathematics and Statistics,52980
277261,Male,172,Protestant,Environmental Sciences,41139
705548,Female,155,Other,Social Sciences,31497
948960,Male,177,Other,Economics and Finance,54335
919034,Female,161,Catholic,Mathematics and Statistics,33000
550820,Male,183,Catholic,Environmental Sciences,38764
146484,Male,169,Catholic,Mathematics and Statistics,58072
557008,Male,185,Catholic,Environmental Sciences,39688
292452,Male,172,Other,Environmental Sciences,39076
206546,Male,180,Catholic,Political Science,37930
589796,Female,158,Muslim,Environmental Sciences,37935
759358,Female,180,Other,Biology,46319
631253,Female,159,Other,Economics and Finance,25351
358448,Male,181,Muslim,Mathematics and Statistics,45861
113718,Male,185,Other,Political Science,45158
373212,Male,180,Catholic,Political Science,49238
513013,Male,182,Protestant,Economics and Finance,46653
894126,Male,178,Other,Environmental Sciences,42789
352894,Male,170,Catholic,Mathematics and Statistics,50014
769418,Male,173,Protestant,Environmental Sciences,31812
118420,Female,164,Other,Political Science,19481
775457,Male,180,Orthodox,Mathematics and Statistics,41164
728190,Male,179,Protestant,Environmental Sciences,40203
533968,Male,178,Other,Economics and Finance,50226
512220,Male,193,Protestant,Mathematics and Statistics,61616
157587,Male,176,Catholic,Biology,66607
882176,Male,175,Other,Social Sciences,37437
943833,Male,188,Other,Economics and Finance,38433
831252,Female,158,Protestant,Social Sciences,35549
416180,Male,178,Catholic,Environmental Sciences,39654
326380,Male,182,Other,Biology,62479
516155,Female,169,Protestant,Economics and Finance,43667
925640,Male,179,Catholic,Biology,67230
219830,Male,175,Catholic,Economics and Finance,50861
207149,Male,191,Other,Biology,55657
602889,Male,185,Catholic,Political Science,45259
216220,Female,161,Other,Social Sciences,32462
443735,Male,183,Catholic,Environmental Sciences,47263
696262,Male,197,Catholic,Political Science,39443
599119,Male,189,Catholic,Economics and Finance,45135
216050,Male,191,Other,Economics and Finance,43370
870526,Male,169,Other,Political Science,36520
793640,Male,175,Catholic,Mathematics and Statistics,40218
547699,Female,163,Catholic,Political Science,38608
495560,Male,187,Orthodox,Political Science,34468
691224,Male,178,Orthodox,Political Science,38472
706855,Female,171,Catholic,Mathematics and Statistics,45241
134229,Female,169,Catholic,Mathematics and Statistics,35106
158550,Male,180,Catholic,Economics and Finance,53340
981862,Male,186,Other,Economics and Finance,45192
379706,Male,182,Protestant,Economics and Finance,63634
131191,Male,178,Orthodox,Economics and Finance,41431
199974,Male,177,Muslim,Environmental Sciences,39359
546990,Female,176,Other,Mathematics and Statistics,48361
286766,Male,181,Catholic,Biology,54141
380644,Male,159,Other,Economics and Finance,52703
217995,Male,184,Other,Biology,53341
771206,Female,158,Other,Political Science,26882
368143,Male,175,Catholic,Environmental Sciences,44100
418117,Female,156,Catholic,Biology,38015
151400,Male,183,Other,Mathematics and Statistics,50142
420389,Female,160,Catholic,Economics and Finance,49051
619443,Male,183,Catholic,Mathematics and Statistics,44691
132623,Female,159,Orthodox,Environmental Sciences,29022
125812,Male,171,Orthodox,Mathematics and Statistics,43564
850644,Female,164,Catholic,Political Science,38613
895199,Male,175,Other,Biology,67894
159551,Female,167,Catholic,Biology,45002
214450,Male,178,Orthodox,Mathematics and Statistics,52722
639923,Male,170,Other,Mathematics and Statistics,46577
894097,Female,166,Catholic,Economics and Finance,39037
841304,Female,165,Protestant,Political Science,42222
476455,Female,163,Other,Social Sciences,32390
846250,Female,168,Catholic,Environmental Sciences,33423
165741,Male,190,Other,Economics and Finance,39840
436950,Male,178,Other,Biology,51688
574100,Male,177,Other,Social Sciences,44829
767534,Male,174,Other,Political Science,32178
884426,Female,155,Other,Political Science,39920
957161,Male,182,Other,Biology,39958
136116,Male,184,Other,Mathematics and Statistics,54804
457102,Male,176,Catholic,Economics and Finance,41199
118502,Female,157,Other,Political Science,36911
182974,Female,161,Muslim,Social Sciences,34288
152383,Female,167,Orthodox,Political Science,42177
963305,Male,170,Orthodox,Environmental Sciences,42606
475160,Male,190,Catholic,Mathematics and Statistics,47442
587257,Male,182,Catholic,Mathematics and Statistics,50087
586084,Male,186,Muslim,Mathematics and Statistics,50913
576597,Male,185,Catholic,Biology,57415
641064,Male,183,Catholic,Mathematics and Statistics,52631
869321,Male,187,Orthodox,Environmental Sciences,42245
682706,Female,160,Catholic,Social Sciences,33200
371786,Male,184,Catholic,Mathematics and Statistics,47250
918534,Female,165,Catholic,Economics and Finance,42536
503148,Female,170,Protestant,Social Sciences,28046
381343,Male,189,Catholic,Political Science,29431
892142,Male,175,Orthodox,Environmental Sciences,46293
125459,Male,175,Orthodox,Social Sciences,37830
928424,Male,183,Protestant,Biology,47244
548908,Female,169,Catholic,Mathematics and Statistics,36244
388780,Female,178,Other,Social Sciences,25273
931368,Female,154,Protestant,Social Sciences,24424
149939,Male,183,Protestant,Environmental Sciences,46127
224781,Male,178,Other,Mathematics and Statistics,50739
843387,Male,184,Catholic,Social Sciences,31178
810585,Male,181,Muslim,Mathematics and Statistics,56301
893755,Male,169,Catholic,Social Sciences,41317
117866,Male,173,Muslim,Environmental Sciences,44555
926928,Male,179,Protestant,Mathematics and Statistics,52541
158758,Female,157,Catholic,Economics and Finance,46921
626662,Male,173,Catholic,Biology,36259
122162,Female,168,Other,Mathematics and Statistics,36055
377877,Male,183,Other,Biology,45583
358909,Female,163,Catholic,Biology,40599
499777,Male,187,Other,Economics and Finance,31971
563388,Female,154,Other,Biology,48970
159517,Male,190,Protestant,Biology,71613
795866,Male,176,Catholic,Environmental Sciences,47803
446234,Male,178,Orthodox,Mathematics and Statistics,30414
654760,Male,170,Other,Political Science,30008
206126,Male,176,Protestant,Biology,49773
635809,Female,158,Other,Biology,34756
903978,Female,176,Other,Political Science,34445
477621,Male,166,Protestant,Social Sciences,31908
460655,Male,167,Other,Biology,48746
476680,Male,175,Protestant,Environmental Sciences,41925
587107,Female,164,Catholic,Political Science,43318
219503,Female,172,Other,Political Science,39981
488797,Female,158,Orthodox,Biology,41847
391050,Female,178,Protestant,Biology,42202
364525,Male,185,Catholic,Political Science,25420
312277,Female,169,Other,Social Sciences,25759
398273,Male,174,Muslim,Political Science,44386
131364,Male,173,Other,Biology,44397
822798,Female,162,Muslim,Political Science,27956
115122,Female,153,Catholic,Political Science,20443
344866,Male,184,Orthodox,Biology,43318
152243,Male,181,Other,Mathematics and Statistics,52084
387069,Female,142,Other,Mathematics and Statistics,50884
161177,Male,179,Other,Political Science,30850
281483,Male,173,Other,Environmental Sciences,39413
826532,Male,168,Protestant,Mathematics and Statistics,43509
475284,Female,161,Catholic,Biology,37621
323485,Male,184,Protestant,Political Science,42573
257766,Male,191,Other,Economics and Finance,53418
463967,Male,191,Other,Mathematics and Statistics,50392
394945,Male,195,Orthodox,Biology,50949
299439,Female,156,Other,Environmental Sciences,35107
975873,Male,178,Protestant,Political Science,37681
166957,Male,178,Catholic,Biology,49555
910606,Male,175,Protestant,Economics and Finance,58970
364576,Male,176,Other,Political Science,29802
664825,Female,170,Protestant,Environmental Sciences,27569
986181,Male,179,Protestant,Economics and Finance,60680
644535,Male,182,Other,Mathematics and Statistics,53344
640593,Male,184,Catholic,Social Sciences,24186
579534,Female,165,Catholic,Biology,38820
959977,Male,177,Orthodox,Mathematics and Statistics,75597
268822,Male,191,Catholic,Economics and Finance,41029
467876,Male,166,Orthodox,Social Sciences,27440
529799,Female,168,Catholic,Mathematics and Statistics,41445
447650,Female,168,Orthodox,Mathematics and Statistics,35643
658112,Male,178,Orthodox,Economics and Finance,51553
450126,Male,173,Protestant,Biology,46337
691147,Male,163,Catholic,Economics and Finance,39086
580326,Male,186,Catholic,Economics and Finance,46063
585253,Female,145,Catholic,Mathematics and Statistics,31908
671898,Female,159,Protestant,Environmental Sciences,26062
238238,Female,176,Other,Economics and Finance,41463
298461,Male,185,Catholic,Social Sciences,30196
794662,Male,167,Catholic,Economics and Finance,45894
681749,Male,175,Catholic,Environmental Sciences,43241
918625,Female,165,Other,Mathematics and Statistics,36838
145931,Male,188,Protestant,Political Science,30026
351538,Male,156,Protestant,Political Science,41134
202875,Male,188,Catholic,Economics and Finance,67362
773320,Male,184,Catholic,Biology,63426
640129,Male,182,Protestant,Biology,55192
848677,Female,170,Catholic,Social Sciences,25082
927392,Male,184,Protestant,Biology,45394
778539,Male,197,Catholic,Social Sciences,38818
367114,Male,172,Protestant,Mathematics and Statistics,41624
463027,Female,161,Other,Social Sciences,40790
407275,Female,157,Protestant,Biology,39041
571702,Male,167,Catholic,Economics and Finance,66417
886960,Female,167,Muslim,Economics and Finance,46080
986157,Male,182,Other,Economics and Finance,58974
299694,Male,192,Other,Mathematics and Statistics,56209
553535,Female,171,Catholic,Political Science,32996
659102,Male,169,Other,Biology,70745
170052,Male,178,Protestant,Biology,64593
870181,Male,190,Catholic,Political Science,47553
402780,Female,159,Other,Environmental Sciences,33464
482092,Male,186,Other,Biology,49901
544711,Male,163,Muslim,Social Sciences,34103
499524,Male,166,Other,Environmental Sciences,34964
783262,Male,164,Other,Mathematics and Statistics,51133
592693,Male,173,Other,Economics and Finance,45699
801599,Female,160,Protestant,Social Sciences,30866
658736,Male,174,Other,Mathematics and Statistics,43379
933692,Male,182,Catholic,Mathematics and Statistics,49317
177513,Male,174,Protestant,Environmental Sciences,41670
124490,Male,179,Other,Biology,51107
120195,Male,164,Catholic,Economics and Finance,47998
380792,Male,179,Catholic,Mathematics and Statistics,45685
127478,Male,187,Orthodox,Environmental Sciences,42245
855623,Male,184,Catholic,Economics and Finance,65353
927924,Male,176,Muslim,Environmental Sciences,37730
710898,Female,165,Catholic,Economics and Finance,36104
461770,Female,178,Catholic,Social Sciences,29544
854937,Female,161,Catholic,Mathematics and Statistics,43028
748383,Male,169,Protestant,Environmental Sciences,38183
721303,Male,169,Catholic,Social Sciences,36187
665770,Male,188,Catholic,Mathematics and Statistics,49766
988309,Male,193,Other,Environmental Sciences,35713
805925,Male,185,Protestant,Biology,51585
560004,Male,182,Catholic,Economics and Finance,57898
741263,Female,176,Other,Social Sciences,28825
839043,Male,181,Other,Biology,65390
947879,Male,194,Orthodox,Environmental Sciences,35217
420992,Male,185,Protestant,Political Science,52335
292934,Male,175,Protestant,Mathematics and Statistics,57083
653023,Female,186,Catholic,Social Sciences,33975
820995,Male,181,Catholic,Economics and Finance,68324
461824,Female,162,Catholic,Political Science,34299
416754,Male,188,Other,Social Sciences,49080
388525,Female,153,Catholic,Political Science,23176
485019,Male,180,Catholic,Political Science,43052
554629,Male,192,Catholic,Mathematics and Statistics,43295
680065,Male,167,Catholic,Mathematics and Statistics,57994
540427,Female,163,Other,Environmental Sciences,32677
206222,Male,181,Other,Environmental Sciences,32372
324623,Female,157,Catholic,Environmental Sciences,37807
119206,Male,191,Other,Environmental Sciences,51898
974017,Female,163,Orthodox,Political Science,37709
627900,Female,174,Protestant,Biology,21282
500986,Male,182,Protestant,Economics and Finance,45478
553233,Female,154,Other,Social Sciences,22916
880649,Female,166,Protestant,Biology,46960
883766,Male,170,Other,Mathematics and Statistics,40495
112287,Male,176,Protestant,Political Science,46075
618746,Male,178,Protestant,Social Sciences,40899
926192,Male,180,Other,Economics and Finance,51207
444812,Female,170,Catholic,Political Science,38135
373808,Female,154,Catholic,Social Sciences,28294
212520,Male,173,Catholic,Mathematics and Statistics,42836
389953,Female,159,Orthodox,Political Science,20336
474963,Male,170,Protestant,Environmental Sciences,37806
941786,Male,200,Catholic,Social Sciences,41981
920751,Male,201,Catholic,Biology,41194
260610,Male,198,Catholic,Mathematics and Statistics,45540
782222,Female,167,Protestant,Biology,40249
447520,Male,182,Catholic,Environmental Sciences,43282
639871,Female,154,Catholic,Environmental Sciences,32891
284963,Female,163,Protestant,Political Science,31732
652653,Male,172,Orthodox,Mathematics and Statistics,39646
147567,Female,168,Protestant,Mathematics and Statistics,46559
488499,Female,159,Catholic,Social Sciences,35583
673124,Male,165,Catholic,Social Sciences,48427
318944,Female,177,Catholic,Biology,45007
627885,Male,192,Other,Mathematics and Statistics,49456
590147,Male,179,Catholic,Mathematics and Statistics,49966
307893,Male,177,Other,Mathematics and Statistics,40278
780968,Male,176,Muslim,Economics and Finance,52876
978641,Male,176,Other,Biology,46548
805758,Male,179,Orthodox,Environmental Sciences,40591
548221,Female,170,Protestant,Economics and Finance,39415
750403,Male,178,Other,Mathematics and Statistics,53052
258568,Male,169,Catholic,Political Science,41595
153742,Female,165,Other,Economics and Finance,44710
290369,Male,184,Catholic,Biology,50350
299659,Male,190,Protestant,Political Science,39726
908728,Male,179,Catholic,Mathematics and Statistics,45141
903420,Male,180,Other,Mathematics and Statistics,30854
482355,Female,160,Catholic,Mathematics and Statistics,40964
641704,Male,177,Catholic,Social Sciences,37976
156708,Male,192,Other,Environmental Sciences,42929
335840,Female,150,Protestant,Biology,46859
149335,Female,164,Catholic,Environmental Sciences,34279
716746,Male,193,Muslim,Environmental Sciences,31932
584494,Male,183,Protestant,Economics and Finance,58533
431217,Male,175,Catholic,Economics and Finance,58316
210741,Female,156,Other,Political Science,34686
117780,Female,171,Other,Biology,38656
746550,Male,184,Catholic,Economics and Finance,53988
786487,Male,181,Protestant,Mathematics and Statistics,56148
308916,Male,177,Other,Economics and Finance,50001
181221,Male,180,Catholic,Environmental Sciences,41006
678169,Female,161,Orthodox,Social Sciences,27456
403145,Female,172,Catholic,Biology,44975
537342,Male,179,Protestant,Environmental Sciences,48129
141917,Male,187,Protestant,Political Science,57480
478244,Female,161,Protestant,Political Science,47416
848785,Female,155,Catholic,Political Science,42236
250771,Female,169,Catholic,Environmental Sciences,33901
314391,Male,178,Other,Environmental Sciences,46453
303490,Male,175,Catholic,Mathematics and Statistics,69521
550241,Male,174,Other,Mathematics and Statistics,60086
938711,Male,180,Protestant,Mathematics and Statistics,54441
325636,Female,145,Other,Environmental Sciences,30973
147082,Male,175,Catholic,Biology,59798
336421,Male,183,Other,Mathematics and Statistics,40152
385335,Female,171,Other,Political Science,28018
237477,Female,157,Catholic,Political Science,45142
503783,Female,177,Other,Social Sciences,21454
759080,Female,170,Protestant,Economics and Finance,43064
292619,Male,192,Catholic,Environmental Sciences,37136
315147,Female,174,Catholic,Environmental Sciences,29394
666519,Female,152,Orthodox,Biology,53632
303642,Female,156,Catholic,Economics and Finance,42755
346619,Male,190,Catholic,Economics and Finance,49528
777279,Male,184,Catholic,Environmental Sciences,36961
120107,Male,182,Other,Social Sciences,38816
385899,Female,148,Other,Political Science,31899
146635,Female,169,Protestant,Mathematics and Statistics,41919
645865,Male,201,Other,Political Science,29072
137613,Female,165,Catholic,Political Science,33797
410212,Female,165,Catholic,Biology,49769
909911,Male,180,Other,Mathematics and Statistics,52112
840940,Male,172,Other,Environmental Sciences,40680
672951,Male,184,Other,Biology,53300
675685,Female,168,Catholic,Political Science,37804
541717,Male,192,Other,Environmental Sciences,38993
337569,Male,185,Orthodox,Biology,61820
651490,Female,157,Catholic,Social Sciences,31959
149658,Male,183,Other,Biology,40253
403046,Female,142,Other,Environmental Sciences,33318
408911,Male,170,Orthodox,Environmental Sciences,48763
360184,Male,187,Other,Biology,49940
653787,Male,185,Catholic,Mathematics and Statistics,56217
363192,Male,190,Protestant,Biology,60502
230192,Female,150,Catholic,Social Sciences,23044
149982,Male,201,Orthodox,Environmental Sciences,33291
711273,Female,158,Other,Political Science,24873
816777,Male,181,Protestant,Biology,48710
322064,Female,148,Protestant,Economics and Finance,35834
849498,Male,189,Catholic,Political Science,30555
606478,Male,173,Other,Economics and Finance,48748
490684,Male,182,Other,Economics and Finance,48445
622310,Female,160,Other,Biology,50234
346434,Female,171,Catholic,Economics and Finance,32536
862703,Female,172,Other,Political Science,30448
242874,Female,166,Other,Political Science,37713
869741,Male,185,Other,Mathematics and Statistics,59885
709085,Female,169,Catholic,Social Sciences,26090
599603,Female,161,Catholic,Political Science,37634
962984,Male,176,Other,Economics and Finance,65957
969621,Female,166,Orthodox,Social Sciences,26254
183618,Male,172,Catholic,Biology,75530
935907,Male,191,Catholic,Biology,53906
394865,Female,172,Other,Mathematics and Statistics,36985
504695,Male,187,Protestant,Social Sciences,34463
725129,Male,176,Catholic,Political Science,44924
712785,Male,180,Catholic,Mathematics and Statistics,53087
593670,Female,156,Other,Political Science,20223
815796,Male,174,Other,Environmental Sciences,43190
349393,Female,162,Protestant,Biology,37397
647319,Female,172,Catholic,Biology,31026
395089,Male,181,Protestant,Biology,57480
137980,Male,186,Protestant,Environmental Sciences,40637
867829,Female,168,Catholic,Political Science,35146
122485,Female,171,Protestant,Political Science,33648
256884,Female,162,Other,Environmental Sciences,29556
386171,Male,182,Other,Biology,55795
167174,Female,162,Catholic,Mathematics and Statistics,45512
303965,Female,162,Catholic,Biology,42996
510347,Female,157,Other,Environmental Sciences,30043
585068,Male,173,Catholic,Political Science,36016
838916,Male,186,Catholic,Economics and Finance,54885
956590,Female,167,Other,Biology,46026
378622,Male,174,Protestant,Environmental Sciences,44619
160166,Male,170,Catholic,Biology,51514
300124,Male,170,Orthodox,Biology,58684
953150,Male,189,Other,Economics and Finance,39900
901338,Female,161,Protestant,Political Science,44335
444615,Female,151,Protestant,Social Sciences,36601
127329,Male,177,Other,Economics and Finance,64052
187942,Female,160,Other,Mathematics and Statistics,41375
751742,Female,159,Protestant,Environmental Sciences,34347
599891,Male,180,Other,Economics and Finance,49229
977913,Male,177,Catholic,Environmental Sciences,40826
431419,Male,186,Other,Economics and Finance,51401
330295,Male,187,Other,Environmental Sciences,37542
523453,Male,171,Other,Mathematics and Statistics,66365
239313,Female,159,Catholic,Political Science,33955
118214,Female,166,Protestant,Biology,46575
760133,Male,173,Catholic,Biology,68577
841869,Male,185,Protestant,Mathematics and Statistics,47977
308011,Male,178,Catholic,Biology,52239
748859,Male,188,Catholic,Biology,47385
127622,Female,156,Protestant,Political Science,30327
605405,Male,195,Other,Environmental Sciences,45370
467783,Male,188,Other,Biology,49864
917243,Female,170,Protestant,Political Science,24356
433714,Male,164,Protestant,Biology,39199
733312,Male,181,Other,Social Sciences,44517
812904,Female,171,Other,Political Science,28556
646812,Female,164,Catholic,Social Sciences,37645
525752,Male,180,Muslim,Environmental Sciences,40498
162614,Female,164,Catholic,Social Sciences,34145
149164,Male,180,Other,Mathematics and Statistics,58024
117944,Male,181,Orthodox,Economics and Finance,56975
355779,Female,169,Catholic,Economics and Finance,43284
254608,Male,172,Other,Mathematics and Statistics,42084
648615,Female,148,Catholic,Biology,54590
580247,Male,182,Catholic,Social Sciences,40138
361363,Male,182,Other,Mathematics and Statistics,44504
240675,Male,176,Other,Economics and Finance,54405
560139,Male,183,Muslim,Biology,43182
743559,Female,174,Other,Mathematics and Statistics,40467
147345,Male,175,Orthodox,Biology,60958
657088,Female,169,Catholic,Biology,35082
195794,Male,176,Other,Political Science,45853
809992,Male,186,Catholic,Mathematics and Statistics,49673
131982,Female,152,Protestant,Biology,41248
517485,Female,171,Catholic,Mathematics and Statistics,26489
367478,Male,168,Other,Environmental Sciences,38075
479897,Male,181,Catholic,Mathematics and Statistics,53576
771880,Male,180,Muslim,Mathematics and Statistics,46625
263554,Female,160,Protestant,Biology,36377
653219,Male,191,Orthodox,Social Sciences,41093
512012,Female,164,Orthodox,Biology,44829
208560,Male,178,Protestant,Environmental Sciences,42855
697069,Male,174,Other,Environmental Sciences,44151
974202,Female,176,Orthodox,Social Sciences,33566
211557,Male,174,Protestant,Mathematics and Statistics,48393
355125,Female,155,Catholic,Biology,63154
877191,Female,168,Catholic,Environmental Sciences,34398
473951,Male,195,Protestant,Mathematics and Statistics,45797
969141,Male,165,Protestant,Biology,50732
783567,Male,160,Catholic,Mathematics and Statistics,51907
459508,Female,162,Other,Social Sciences,24289
243951,Female,164,Orthodox,Biology,56110
362068,Male,174,Catholic,Mathematics and Statistics,51716
362891,Male,202,Protestant,Social Sciences,28099
365650,Female,176,Protestant,Biology,44487
298512,Male,202,Catholic,Environmental Sciences,36031
665548,Female,179,Other,Political Science,26265
355955,Male,176,Other,Political Science,49104
485217,Male,174,Catholic,Economics and Finance,49525
931476,Male,176,Catholic,Mathematics and Statistics,67379
755520,Male,197,Other,Economics and Finance,55623
337893,Male,176,Protestant,Political Science,38296
712519,Male,170,Other,Political Science,48773
199151,Male,191,Catholic,Economics and Finance,39831
555113,Male,174,Protestant,Political Science,45355
640804,Male,171,Other,Environmental Sciences,34055
914981,Male,182,Catholic,Biology,50671
468079,Female,170,Protestant,Political Science,38160
635788,Male,167,Other,Political Science,33318
287632,Male,184,Catholic,Environmental Sciences,42055
222331,Female,183,Protestant,Social Sciences,27885
635475,Male,174,Protestant,Economics and Finance,46579
165181,Male,176,Protestant,Mathematics and Statistics,35259
915805,Male,173,Protestant,Mathematics and Statistics,50475
664183,Male,184,Catholic,Economics and Finance,47361
387041,Female,160,Catholic,Environmental Sciences,29539
740360,Female,163,Other,Political Science,51975
952909,Male,183,Catholic,Mathematics and Statistics,55939
984942,Female,170,Orthodox,Social Sciences,28506
778562,Female,163,Catholic,Social Sciences,27507
541466,Female,167,Catholic,Biology,38156
922109,Male,165,Protestant,Biology,54023
165588,Male,178,Orthodox,Economics and Finance,53486
830267,Male,185,Catholic,Political Science,37076
728075,Male,191,Catholic,Mathematics and Statistics,41265
414978,Female,165,Other,Political Science,26711
329870,Male,175,Other,Social Sciences,39634
797044,Female,157,Other,Biology,34841
827698,Male,175,Catholic,Social Sciences,24315
518346,Female,154,Protestant,Social Sciences,26291
373778,Female,148,Catholic,Mathematics and Statistics,45017
151998,Male,179,Other,Social Sciences,35727
552529,Male,176,Catholic,Environmental Sciences,35564
968225,Male,183,Other,Environmental Sciences,44651
632987,Male,178,Catholic,Environmental Sciences,48037
953930,Female,180,Other,Biology,42743
135031,Female,174,Other,Political Science,39205
183681,Male,185,Other,Biology,49323
237474,Male,199,Other,Mathematics and Statistics,41950
672001,Female,156,Other,Biology,45042
941219,Female,172,Other,Biology,49716
805397,Female,161,Protestant,Social Sciences,30462
859275,Female,167,Other,Biology,39939
403577,Male,179,Other,Political Science,50765
960743,Female,165,Other,Environmental Sciences,32884
518639,Male,182,Catholic,Environmental Sciences,34665
529677,Male,175,Catholic,Environmental Sciences,30853
422251,Male,188,Other,Political Science,58615
217013,Female,168,Catholic,Environmental Sciences,27686
307045,Male,176,Protestant,Environmental Sciences,46950
631079,Male,167,Protestant,Environmental Sciences,46910
956508,Male,188,Other,Mathematics and Statistics,52998
232341,Male,174,Other,Mathematics and Statistics,36558
266916,Female,159,Protestant,Biology,43247
836309,Male,174,Protestant,Biology,46834
320119,Male,178,Other,Political Science,14081
221190,Female,162,Orthodox,Environmental Sciences,35353
151449,Female,174,Protestant,Political Science,39468
130608,Female,168,Other,Political Science,38513
877534,Male,170,Other,Biology,40934
159390,Female,178,Catholic,Biology,47227
492535,Male,171,Other,Environmental Sciences,46447
797914,Male,181,Catholic,Biology,36798
870854,Female,168,Catholic,Biology,41728
135501,Male,166,Other,Environmental Sciences,39765
484334,Male,189,Muslim,Environmental Sciences,40720
716939,Female,159,Catholic,Mathematics and Statistics,48831
259484,Male,173,Catholic,Biology,60178
885894,Male,179,Catholic,Biology,50534
328026,Female,174,Protestant,Environmental Sciences,33318
943606,Female,161,Catholic,Biology,40448
966520,Male,169,Catholic,Economics and Finance,62038
471485,Male,185,Catholic,Biology,47412
353866,Female,163,Other,Social Sciences,22901
456353,Female,173,Catholic,Economics and Finance,53566
387528,Male,180,Other,Mathematics and Statistics,48231
347906,Male,175,Catholic,Mathematics and Statistics,68986
195357,Female,152,Protestant,Social Sciences,32104
114130,Male,186,Protestant,Biology,50342
260327,Male,175,Other,Mathematics and Statistics,54235
183646,Male,169,Catholic,Biology,53470
564354,Male,166,Protestant,Social Sciences,36758
303854,Male,181,Catholic,Social Sciences,35930
747705,Female,160,Protestant,Social Sciences,32557
307406,Male,185,Catholic,Social Sciences,30038
487057,Female,174,Catholic,Political Science,25782
287337,Male,185,Other,Mathematics and Statistics,54595
922201,Female,168,Catholic,Economics and Finance,43808
492518,Female,148,Catholic,Economics and Finance,36970
383496,Female,158,Protestant,Social Sciences,30911
280376,Male,177,Other,Mathematics and Statistics,68980
254487,Female,172,Catholic,Political Science,32656
203143,Female,158,Protestant,Economics and Finance,47597
639881,Male,186,Other,Economics and Finance,51709
437808,Male,193,Protestant,Mathematics and Statistics,49407
834618,Female,161,Protestant,Political Science,28712
529140,Male,172,Catholic,Mathematics and Statistics,46349
389040,Female,178,Catholic,Environmental Sciences,38477
718129,Female,139,Other,Biology,35930
295453,Male,180,Other,Mathematics and Statistics,53117
689123,Male,176,Protestant,Political Science,28784
547232,Male,182,Catholic,Environmental Sciences,40895
494080,Male,178,Protestant,Mathematics and Statistics,44296
813705,Male,181,Protestant,Political Science,36856
511043,Female,183,Other,Economics and Finance,39624
950063,Female,176,Protestant,Environmental Sciences,29322
803072,Female,165,Other,Biology,41035
181965,Male,184,Catholic,Environmental Sciences,36781
555776,Male,180,Catholic,Environmental Sciences,36930
823166,Male,184,Other,Economics and Finance,44767
684695,Male,174,Other,Economics and Finance,57766
334935,Male,156,Catholic,Mathematics and Statistics,46329
519924,Male,179,Orthodox,Economics and Finance,39994
130683,Male,172,Other,Economics and Finance,56262
857556,Male,176,Protestant,Social Sciences,38083
492812,Female,167,Catholic,Political Science,29551
427905,Male,184,Other,Economics and Finance,55056
450846,Female,159,Protestant,Biology,48090
243448,Female,161,Other,Economics and Finance,32038
783293,Male,176,Orthodox,Social Sciences,30366
483258,Male,176,Catholic,Economics and Finance,49221
227831,Male,186,Catholic,Political Science,30638
498623,Female,164,Catholic,Political Science,30395
583767,Female,170,Protestant,Political Science,25608
507271,Female,161,Other,Social Sciences,36032
844385,Male,171,Orthodox,Biology,58512
500494,Male,180,Protestant,Social Sciences,24819
251170,Male,197,Catholic,Economics and Finance,53206
221069,Female,153,Other,Social Sciences,35746
144309,Male,178,Orthodox,Environmental Sciences,40988
644178,Male,174,Catholic,Environmental Sciences,41627
727517,Female,170,Catholic,Economics and Finance,49340
667141,Male,182,Catholic,Economics and Finance,50347
948456,Male,190,Protestant,Political Science,41387
111742,Male,186,Protestant,Economics and Finance,46779
299940,Male,170,Catholic,Environmental Sciences,43925
595874,Female,164,Other,Political Science,23849
903936,Male,166,Other,Economics and Finance,41879
878293,Male,168,Protestant,Mathematics and Statistics,54146
952558,Male,178,Protestant,Biology,50164
885855,Male,170,Protestant,Biology,58569
262252,Female,162,Protestant,Biology,32967
224965,Male,167,Protestant,Economics and Finance,57403
452087,Female,170,Protestant,Political Science,30617
680715,Male,177,Catholic,Mathematics and Statistics,48381
542838,Male,188,Catholic,Environmental Sciences,32835
394142,Male,170,Catholic,Biology,44875
415197,Male,172,Other,Economics and Finance,41556
499198,Male,196,Catholic,Biology,39093
987569,Female,168,Protestant,Political Science,23392
494589,Male,174,Catholic,Mathematics and Statistics,48103
935999,Female,159,Catholic,Environmental Sciences,33363
955785,Male,179,Catholic,Environmental Sciences,45277
417534,Female,170,Catholic,Social Sciences,22652
551154,Male,175,Other,Biology,52645
115001,Female,144,Orthodox,Political Science,36040
823214,Male,178,Protestant,Mathematics and Statistics,53315
869910,Female,157,Protestant,Political Science,29934
266701,Male,173,Muslim,Economics and Finance,39053
988513,Male,177,Other,Biology,44822
406538,Female,170,Orthodox,Biology,48936
234359,Female,168,Protestant,Biology,40778
295696,Male,168,Catholic,Environmental Sciences,31823
451863,Male,181,Other,Mathematics and Statistics,58111
708393,Male,179,Other,Social Sciences,36348
795889,Male,182,Orthodox,Environmental Sciences,45426
374737,Female,169,Catholic,Mathematics and Statistics,36708
637390,Male,178,Protestant,Economics and Finance,65422
573666,Male,176,Protestant,Environmental Sciences,42217
615026,Male,181,Other,Environmental Sciences,42091
207120,Male,175,Catholic,Economics and Finance,46887
131152,Male,164,Protestant,Political Science,29999
318112,Female,175,Other,Biology,40996
380980,Female,157,Catholic,Environmental Sciences,32489
474850,Female,163,Protestant,Environmental Sciences,29676
536628,Male,181,Catholic,Economics and Finance,56532
197564,Male,180,Catholic,Mathematics and Statistics,44367
378845,Female,163,Other,Environmental Sciences,33305
169340,Female,164,Other,Political Science,28321
618417,Male,184,Muslim,Economics and Finance,47311
804834,Female,154,Other,Social Sciences,23040
676841,Male,174,Other,Environmental Sciences,42546
255468,Female,164,Other,Political Science,23962
875457,Female,171,Other,Environmental Sciences,33472
610425,Male,176,Orthodox,Political Science,26898
201984,Male,170,Catholic,Economics and Finance,51050
643787,Male,173,Protestant,Biology,64548
784413,Male,186,Other,Economics and Finance,64050
579499,Male,173,Catholic,Mathematics and Statistics,46139
565624,Male,183,Other,Environmental Sciences,30276
668585,Female,152,Catholic,Social Sciences,33078
834619,Female,161,Muslim,Economics and Finance,53973
473948,Male,190,Protestant,Biology,73980
137719,Male,188,Catholic,Biology,43965
879876,Male,172,Other,Environmental Sciences,44468
312855,Male,171,Other,Biology,60188
323028,Male,178,Protestant,Environmental Sciences,44359
329855,Female,157,Catholic,Social Sciences,32343
205242,Female,155,Protestant,Mathematics and Statistics,33260
643038,Male,184,Other,Environmental Sciences,41028
818044,Male,181,Protestant,Environmental Sciences,36750
540967,Male,195,Other,Social Sciences,40112
413207,Female,170,Muslim,Political Science,45900